{
  "selected_contamination": 0.01,
  "selection_rule": "maximize validation F1 subject to false_positive_rate <= 0.01; otherwise choose lowest FPR",
  "validation_results": {
    "0.001": {
      "precision": 0.8,
      "recall": 0.02,
      "f1": 0.03902439024390244,
      "false_positive_rate": 0.002,
      "confusion_matrix": {
        "tn": 499,
        "fp": 1,
        "fn": 196,
        "tp": 4
      }
    },
    "0.002": {
      "precision": 0.8,
      "recall": 0.02,
      "f1": 0.03902439024390244,
      "false_positive_rate": 0.002,
      "confusion_matrix": {
        "tn": 499,
        "fp": 1,
        "fn": 196,
        "tp": 4
      }
    },
    "0.005": {
      "precision": 0.9285714285714286,
      "recall": 0.065,
      "f1": 0.12149532710280374,
      "false_positive_rate": 0.002,
      "confusion_matrix": {
        "tn": 499,
        "fp": 1,
        "fn": 187,
        "tp": 13
      }
    },
    "0.01": {
      "precision": 0.8571428571428571,
      "recall": 0.12,
      "f1": 0.21052631578947367,
      "false_positive_rate": 0.008,
      "confusion_matrix": {
        "tn": 496,
        "fp": 4,
        "fn": 176,
        "tp": 24
      }
    },
    "0.02": {
      "precision": 0.8409090909090909,
      "recall": 0.185,
      "f1": 0.30327868852459017,
      "false_positive_rate": 0.014,
      "confusion_matrix": {
        "tn": 493,
        "fp": 7,
        "fn": 163,
        "tp": 37
      }
    }
  },
  "test_metrics": {
    "precision": 0.7037037037037037,
    "recall": 0.095,
    "f1": 0.16740088105726872,
    "false_positive_rate": 0.016,
    "confusion_matrix": {
      "tn": 492,
      "fp": 8,
      "fn": 181,
      "tp": 19
    }
  },
  "feature_columns": [
    "fraud_probability",
    "confidence",
    "latency_ms",
    "cpu_percent",
    "memory_percent",
    "request_rate"
  ]
}