{
  "precision": 0.9382716049382716,
  "recall": 0.7755102040816326,
  "f1": 0.8491620111731844,
  "roc_auc": 0.9617064309544865,
  "pr_auc": 0.8533509353781145,
  "confusion_matrix": {
    "tn": 56859,
    "fp": 5,
    "fn": 22,
    "tp": 76
  },
  "false_positive_rate": 8.792909397861564e-05,
  "dataset_report": {
    "path": "datasets\\creditcard.csv",
    "rows": 284807,
    "columns": 31,
    "missing_values": 0,
    "class_distribution": {
      "0": 284315,
      "1": 492
    }
  }
}